Imagen;Coeficiente de Silueta
2002;0.6067210131910453
2024;0.5905473487562193
